activity_id,model_primary_label,model_sdg15_targets
2021013196,NONE,SDG15.1
2022100353,NONE,SDG15.1
2019014638,NONE,
2021011782,NONE,
2021002775,NONE,
2023100178,NONE,
2016029812,NONE,
2022010739B,NONE,SDG15.1
2023029183,NONE,
2015000821-6,NONE,
2013171800,NONE,
1992002862,NONE,
2017200724,NONE,SDG15.1
2020065462,NONE,
2007100040011,NONE,SDG15.1
2021011774,NONE,
2023604116,NONE,
2015000379002,NONE,
2021082016,NONE,
2018250202,NONE,
2019001508,WATER_MARINE,
2022029142A,WATER_MARINE,
2014000584006,WATER_MARINE,SDG15.1
2018030024,WATER_MARINE,
2023003537,WATER_MARINE,SDG15.1
2012000773019,WATER_MARINE,
2016000342018,WATER_MARINE,SDG15.1
2014004640,WATER_MARINE,SDG15.1
2018600085,WATER_MARINE,
2022071113,WATER_MARINE,SDG15.1
2018094542,WATER_MARINE,
2021001052L,WATER_MARINE,SDG15.1
2014498600,WATER_MARINE,
2022009669,WATER_MARINE,SDG15.1
2018013200g,WATER_MARINE,
2017000184008,WATER_MARINE,
2015001206-6,WATER_MARINE,
2011000599a,WATER_MARINE,
2017002239,WATER_MARINE,SDG15.1
2020009444,WATER_MARINE,
2022009960A,CROSS_CUTTING,
2020061963,CROSS_CUTTING,
20208013160001,CROSS_CUTTING,
2020025219,CROSS_CUTTING,
2016002196,CROSS_CUTTING,
20208013160002,CROSS_CUTTING,
2018112400,CROSS_CUTTING,"SDG15.1,SDG15.2,SDG15.5"
2015000014138,CROSS_CUTTING,
2019206500,CROSS_CUTTING,
2022900338,CROSS_CUTTING,SDG15.1
2018500001,CROSS_CUTTING,SDG15.4
2019011528,CROSS_CUTTING,
2014140733,CROSS_CUTTING,
2022008422,CROSS_CUTTING,
2022009465,CROSS_CUTTING,
2015010642,CROSS_CUTTING,
2018096456,CROSS_CUTTING,
2020013155,CROSS_CUTTING,
2020000512003,CROSS_CUTTING,
20180090210176,CROSS_CUTTING,
2021016227A,FORESTS_LAND,"SDG15.1,SDG15.2,SDG15.3,SDG15.4,SDG15.5,SDG15.7"
2008080152,FORESTS_LAND,"SDG15.1,SDG15.2,SDG15.4"
2013000171334,FORESTS_LAND,"SDG15.1,SDG15.2,SDG15.5"
2023004429,FORESTS_LAND,"SDG15.1,SDG15.2,SDG15.3,SDG15.4"
2017022061A,FORESTS_LAND,"SDG15.1,SDG15.2,SDG15.3"
2023033395,FORESTS_LAND,"SDG15.1,SDG15.2,SDG15.4,SDG15.5"
20212003360010,FORESTS_LAND,"SDG15.1,SDG15.2,SDG15.3,SDG15.4,SDG15.5"
20232002960001,FORESTS_LAND,"SDG15.1,SDG15.2,SDG15.3,SDG15.4,SDG15.5"
2023008200,FORESTS_LAND,"SDG15.1,SDG15.2,SDG15.3,SDG15.4,SDG15.5"
2023033540,FORESTS_LAND,"SDG15.1,SDG15.2,SDG15.5"
2022FID199700,FORESTS_LAND,"SDG15.2,SDG15.5"
2013002642,FORESTS_LAND,"SDG15.2,SDG15.3"
2020050278,FORESTS_LAND,"SDG15.1,SDG15.2"
20169013115,FORESTS_LAND,"SDG15.2,SDG15.3"
20169009201,FORESTS_LAND,"SDG15.1,SDG15.2,SDG15.4"
2023033452,FORESTS_LAND,"SDG15.1,SDG15.2,SDG15.4"
1997003009,FORESTS_LAND,"SDG15.1,SDG15.2"
2022900117,FORESTS_LAND,"SDG15.1,SDG15.2,SDG15.5"
2017_TCP_0145,FORESTS_LAND,"SDG15.2,SDG15.3"
2020024013,FORESTS_LAND,
2016250031,WILDLIFE_SPECIES,SDG15.7
2020003426,WILDLIFE_SPECIES,"SDG15.1,SDG15.2,SDG15.5"
2021003793,WILDLIFE_SPECIES,"SDG15.1,SDG15.2,SDG15.5"
2019002526,WILDLIFE_SPECIES,"SDG15.2,SDG15.5,SDG15.7"
2015002305,WILDLIFE_SPECIES,SDG15.7
2016003955,WILDLIFE_SPECIES,"SDG15.1,SDG15.2,SDG15.5"
2020009567,WILDLIFE_SPECIES,"SDG15.1,SDG15.2,SDG15.5"
2021007892,WILDLIFE_SPECIES,SDG15.7
2016004312,WILDLIFE_SPECIES,SDG15.7
2022009491,WILDLIFE_SPECIES,"SDG15.1,SDG15.2,SDG15.4"
2017004227A,WILDLIFE_SPECIES,SDG15.7
2015904434,WILDLIFE_SPECIES,
2016004506,WILDLIFE_SPECIES,"SDG15.1,SDG15.2"
2016004208,WILDLIFE_SPECIES,"SDG15.1,SDG15.2,SDG15.5"
2019648102,WILDLIFE_SPECIES,
2021014932,WILDLIFE_SPECIES,
2014020801,WILDLIFE_SPECIES,
2010006152UGA1,WILDLIFE_SPECIES,
2023003733,WILDLIFE_SPECIES,"SDG15.7,SDG15.8"
2021086186,WILDLIFE_SPECIES,SDG15.7
